YET629_02_w1L488nm-L561nm_sequence-10000.tif,11
YET629_02_w1L488nm-L561nm_sequence-10001.tif,11
YET629_02_w1L488nm-L561nm_sequence-10002.tif,11
YET629_02_w1L488nm-L561nm_sequence-10003.tif,11
YET629_02_w1L488nm-L561nm_sequence-10004.tif,11
YET629_02_w1L488nm-L561nm_sequence-10005.tif,11
YET629_02_w1L488nm-L561nm_sequence-10006.tif,10
YET629_02_w1L488nm-L561nm_sequence-10007.tif,10
YET629_02_w1L488nm-L561nm_sequence-10008.tif,11
YET629_02_w1L488nm-L561nm_sequence-10009.tif,12
YET629_02_w1L488nm-L561nm_sequence-10010.tif,12
YET629_02_w1L488nm-L561nm_sequence-10011.tif,11
YET629_02_w1L488nm-L561nm_sequence-10012.tif,11
YET629_02_w1L488nm-L561nm_sequence-10013.tif,11
YET629_02_w1L488nm-L561nm_sequence-10014.tif,11
YET629_02_w1L488nm-L561nm_sequence-10015.tif,11
YET629_02_w1L488nm-L561nm_sequence-10016.tif,11
YET629_02_w1L488nm-L561nm_sequence-10017.tif,11
YET629_02_w1L488nm-L561nm_sequence-10018.tif,10
YET629_02_w1L488nm-L561nm_sequence-10019.tif,11
YET629_02_w1L488nm-L561nm_sequence-10020.tif,11
YET629_02_w1L488nm-L561nm_sequence-10021.tif,10
YET629_02_w1L488nm-L561nm_sequence-10022.tif,11
YET629_02_w1L488nm-L561nm_sequence-10023.tif,11
YET629_02_w1L488nm-L561nm_sequence-10024.tif,11
YET629_02_w1L488nm-L561nm_sequence-10025.tif,11
YET629_02_w1L488nm-L561nm_sequence-10026.tif,11
YET629_02_w1L488nm-L561nm_sequence-10027.tif,11
YET629_02_w1L488nm-L561nm_sequence-10028.tif,11
YET629_02_w1L488nm-L561nm_sequence-10029.tif,9
YET629_02_w1L488nm-L561nm_sequence-10030.tif,11
YET629_02_w1L488nm-L561nm_sequence-10031.tif,10
YET629_02_w1L488nm-L561nm_sequence-10032.tif,11
YET629_02_w1L488nm-L561nm_sequence-10033.tif,11
YET629_02_w1L488nm-L561nm_sequence-10034.tif,11
YET629_02_w1L488nm-L561nm_sequence-10035.tif,11
YET629_02_w1L488nm-L561nm_sequence-10036.tif,12
YET629_02_w1L488nm-L561nm_sequence-10037.tif,11
YET629_02_w1L488nm-L561nm_sequence-10038.tif,13
YET629_02_w1L488nm-L561nm_sequence-10039.tif,12
YET629_02_w1L488nm-L561nm_sequence-10040.tif,11
YET629_02_w1L488nm-L561nm_sequence-10041.tif,11
YET629_02_w1L488nm-L561nm_sequence-10042.tif,11
YET629_02_w1L488nm-L561nm_sequence-10043.tif,10
YET629_02_w1L488nm-L561nm_sequence-10044.tif,11
YET629_02_w1L488nm-L561nm_sequence-10045.tif,12
YET629_02_w1L488nm-L561nm_sequence-10046.tif,11
YET629_02_w1L488nm-L561nm_sequence-10047.tif,11
YET629_02_w1L488nm-L561nm_sequence-10048.tif,12
YET629_02_w1L488nm-L561nm_sequence-10049.tif,12
YET629_02_w1L488nm-L561nm_sequence-10050.tif,12
YET629_02_w1L488nm-L561nm_sequence-10051.tif,12
YET629_02_w1L488nm-L561nm_sequence-10052.tif,12
YET629_02_w1L488nm-L561nm_sequence-10053.tif,13
YET629_02_w1L488nm-L561nm_sequence-10054.tif,12
YET629_02_w1L488nm-L561nm_sequence-10055.tif,11
YET629_02_w1L488nm-L561nm_sequence-10056.tif,13
YET629_02_w1L488nm-L561nm_sequence-10057.tif,12
YET629_02_w1L488nm-L561nm_sequence-10058.tif,12
YET629_02_w1L488nm-L561nm_sequence-10059.tif,11
YET629_02_w1L488nm-L561nm_sequence-10060.tif,10
YET629_02_w1L488nm-L561nm_sequence-10061.tif,12
YET629_02_w1L488nm-L561nm_sequence-10062.tif,12
YET629_02_w1L488nm-L561nm_sequence-10063.tif,12
YET629_02_w1L488nm-L561nm_sequence-10064.tif,11
YET629_02_w1L488nm-L561nm_sequence-10065.tif,11
YET629_02_w1L488nm-L561nm_sequence-10066.tif,12
YET629_02_w1L488nm-L561nm_sequence-10067.tif,11
YET629_02_w1L488nm-L561nm_sequence-10068.tif,11
YET629_02_w1L488nm-L561nm_sequence-10069.tif,12
YET629_02_w1L488nm-L561nm_sequence-10070.tif,10
YET629_02_w1L488nm-L561nm_sequence-10071.tif,11
YET629_02_w1L488nm-L561nm_sequence-10072.tif,11
YET629_02_w1L488nm-L561nm_sequence-10073.tif,11
YET629_02_w1L488nm-L561nm_sequence-10074.tif,12
YET629_02_w1L488nm-L561nm_sequence-10075.tif,12
YET629_02_w1L488nm-L561nm_sequence-10076.tif,12
YET629_02_w1L488nm-L561nm_sequence-10077.tif,12
YET629_02_w1L488nm-L561nm_sequence-10078.tif,11
YET629_02_w1L488nm-L561nm_sequence-10079.tif,11
YET629_02_w1L488nm-L561nm_sequence-10080.tif,11
YET629_02_w1L488nm-L561nm_sequence-10081.tif,12
YET629_02_w1L488nm-L561nm_sequence-10082.tif,12
YET629_02_w1L488nm-L561nm_sequence-10083.tif,12
YET629_02_w1L488nm-L561nm_sequence-10084.tif,11
YET629_02_w1L488nm-L561nm_sequence-10085.tif,13
YET629_02_w1L488nm-L561nm_sequence-10086.tif,13
YET629_02_w1L488nm-L561nm_sequence-10087.tif,11
YET629_02_w1L488nm-L561nm_sequence-10088.tif,12
YET629_02_w1L488nm-L561nm_sequence-10089.tif,12
YET629_02_w1L488nm-L561nm_sequence-10090.tif,12
YET629_02_w1L488nm-L561nm_sequence-10091.tif,12
YET629_02_w1L488nm-L561nm_sequence-10092.tif,10
YET629_02_w1L488nm-L561nm_sequence-10093.tif,12
YET629_02_w1L488nm-L561nm_sequence-10094.tif,12
YET629_02_w1L488nm-L561nm_sequence-10095.tif,11
YET629_02_w1L488nm-L561nm_sequence-10096.tif,11
YET629_02_w1L488nm-L561nm_sequence-10097.tif,12
YET629_02_w1L488nm-L561nm_sequence-10098.tif,11
YET629_02_w1L488nm-L561nm_sequence-10099.tif,11
YET629_02_w1L488nm-L561nm_sequence-10100.tif,11
YET629_02_w1L488nm-L561nm_sequence-10101.tif,12
YET629_02_w1L488nm-L561nm_sequence-10102.tif,12
YET629_02_w1L488nm-L561nm_sequence-10103.tif,11
YET629_02_w1L488nm-L561nm_sequence-10104.tif,12
YET629_02_w1L488nm-L561nm_sequence-10105.tif,12
YET629_02_w1L488nm-L561nm_sequence-10106.tif,11
YET629_02_w1L488nm-L561nm_sequence-10107.tif,12
YET629_02_w1L488nm-L561nm_sequence-10108.tif,12
YET629_02_w1L488nm-L561nm_sequence-10109.tif,12
YET629_02_w1L488nm-L561nm_sequence-10110.tif,11
YET629_02_w1L488nm-L561nm_sequence-10111.tif,12
YET629_02_w1L488nm-L561nm_sequence-10112.tif,12
YET629_02_w1L488nm-L561nm_sequence-10113.tif,11
YET629_02_w1L488nm-L561nm_sequence-10114.tif,11
YET629_02_w1L488nm-L561nm_sequence-10115.tif,12
YET629_02_w1L488nm-L561nm_sequence-10116.tif,13
YET629_02_w1L488nm-L561nm_sequence-10117.tif,11
YET629_02_w1L488nm-L561nm_sequence-10118.tif,12
YET629_02_w1L488nm-L561nm_sequence-10119.tif,12
YET629_02_w1L488nm-L561nm_sequence-10120.tif,12
YET629_02_w1L488nm-L561nm_sequence-10121.tif,12
YET629_02_w1L488nm-L561nm_sequence-10122.tif,12
YET629_02_w1L488nm-L561nm_sequence-10123.tif,12
YET629_02_w1L488nm-L561nm_sequence-10124.tif,11
YET629_02_w1L488nm-L561nm_sequence-10125.tif,13
YET629_02_w1L488nm-L561nm_sequence-10126.tif,13
YET629_02_w1L488nm-L561nm_sequence-10127.tif,12
YET629_02_w1L488nm-L561nm_sequence-10128.tif,12
YET629_02_w1L488nm-L561nm_sequence-10129.tif,12
YET629_02_w1L488nm-L561nm_sequence-10130.tif,11
YET629_02_w1L488nm-L561nm_sequence-10131.tif,11
YET629_02_w1L488nm-L561nm_sequence-10132.tif,11
YET629_02_w1L488nm-L561nm_sequence-10133.tif,12
YET629_02_w1L488nm-L561nm_sequence-10134.tif,12
YET629_02_w1L488nm-L561nm_sequence-10135.tif,11
YET629_02_w1L488nm-L561nm_sequence-10136.tif,12
YET629_02_w1L488nm-L561nm_sequence-10137.tif,13
YET629_02_w1L488nm-L561nm_sequence-10138.tif,12
YET629_02_w1L488nm-L561nm_sequence-10139.tif,12
YET629_02_w1L488nm-L561nm_sequence-10140.tif,13
YET629_02_w1L488nm-L561nm_sequence-10141.tif,12
YET629_02_w1L488nm-L561nm_sequence-10142.tif,13
YET629_02_w1L488nm-L561nm_sequence-10143.tif,11
YET629_02_w1L488nm-L561nm_sequence-10144.tif,11
YET629_02_w1L488nm-L561nm_sequence-10145.tif,13
YET629_02_w1L488nm-L561nm_sequence-10146.tif,11
YET629_02_w1L488nm-L561nm_sequence-10147.tif,11
YET629_02_w1L488nm-L561nm_sequence-10148.tif,12
YET629_02_w1L488nm-L561nm_sequence-10149.tif,11
YET629_02_w1L488nm-L561nm_sequence-10150.tif,12
YET629_02_w1L488nm-L561nm_sequence-10151.tif,12
YET629_02_w1L488nm-L561nm_sequence-10152.tif,11
YET629_02_w1L488nm-L561nm_sequence-10153.tif,12
YET629_02_w1L488nm-L561nm_sequence-10154.tif,12
YET629_02_w1L488nm-L561nm_sequence-10155.tif,12
YET629_02_w1L488nm-L561nm_sequence-10156.tif,12
YET629_02_w1L488nm-L561nm_sequence-10157.tif,12
YET629_02_w1L488nm-L561nm_sequence-10158.tif,13
YET629_02_w1L488nm-L561nm_sequence-10159.tif,12
YET629_02_w1L488nm-L561nm_sequence-10160.tif,11
YET629_02_w1L488nm-L561nm_sequence-10161.tif,12
YET629_02_w1L488nm-L561nm_sequence-10162.tif,11
YET629_02_w1L488nm-L561nm_sequence-10163.tif,13
YET629_02_w1L488nm-L561nm_sequence-10164.tif,13
YET629_02_w1L488nm-L561nm_sequence-10165.tif,12
YET629_02_w1L488nm-L561nm_sequence-10166.tif,12
YET629_02_w1L488nm-L561nm_sequence-10167.tif,12
YET629_02_w1L488nm-L561nm_sequence-10168.tif,12
YET629_02_w1L488nm-L561nm_sequence-10169.tif,12
YET629_02_w1L488nm-L561nm_sequence-10170.tif,12
YET629_02_w1L488nm-L561nm_sequence-10171.tif,12
YET629_02_w1L488nm-L561nm_sequence-10172.tif,12
YET629_02_w1L488nm-L561nm_sequence-10173.tif,12
YET629_02_w1L488nm-L561nm_sequence-10174.tif,12
YET629_02_w1L488nm-L561nm_sequence-10175.tif,11
YET629_02_w1L488nm-L561nm_sequence-10176.tif,12
YET629_02_w1L488nm-L561nm_sequence-10177.tif,12
YET629_02_w1L488nm-L561nm_sequence-10178.tif,12
YET629_02_w1L488nm-L561nm_sequence-10179.tif,12
YET629_02_w1L488nm-L561nm_sequence-10180.tif,12
YET629_02_w1L488nm-L561nm_sequence-10181.tif,12
YET629_02_w1L488nm-L561nm_sequence-10182.tif,11
YET629_02_w1L488nm-L561nm_sequence-10183.tif,12
YET629_02_w1L488nm-L561nm_sequence-10184.tif,12
YET629_02_w1L488nm-L561nm_sequence-10185.tif,12
YET629_02_w1L488nm-L561nm_sequence-10186.tif,12
YET629_02_w1L488nm-L561nm_sequence-10187.tif,12
YET629_02_w1L488nm-L561nm_sequence-10188.tif,12
YET629_02_w1L488nm-L561nm_sequence-10189.tif,12
YET629_02_w1L488nm-L561nm_sequence-10190.tif,12
YET629_02_w1L488nm-L561nm_sequence-10191.tif,13
YET629_02_w1L488nm-L561nm_sequence-10192.tif,12
YET629_02_w1L488nm-L561nm_sequence-10193.tif,12
YET629_02_w1L488nm-L561nm_sequence-10194.tif,11
YET629_02_w1L488nm-L561nm_sequence-10195.tif,12
YET629_02_w1L488nm-L561nm_sequence-10196.tif,11
YET629_02_w1L488nm-L561nm_sequence-10197.tif,11
YET629_02_w1L488nm-L561nm_sequence-10198.tif,12
YET629_02_w1L488nm-L561nm_sequence-10199.tif,11
YET629_02_w1L488nm-L561nm_sequence-10200.tif,12
YET629_02_w1L488nm-L561nm_sequence-10201.tif,12
YET629_02_w1L488nm-L561nm_sequence-10202.tif,13
YET629_02_w1L488nm-L561nm_sequence-10203.tif,12
YET629_02_w1L488nm-L561nm_sequence-10204.tif,12
YET629_02_w1L488nm-L561nm_sequence-10205.tif,12
YET629_02_w1L488nm-L561nm_sequence-10206.tif,12
YET629_02_w1L488nm-L561nm_sequence-10207.tif,12
YET629_02_w1L488nm-L561nm_sequence-10208.tif,11
YET629_02_w1L488nm-L561nm_sequence-10209.tif,13
YET629_02_w1L488nm-L561nm_sequence-10210.tif,11
YET629_02_w1L488nm-L561nm_sequence-10211.tif,12
YET629_02_w1L488nm-L561nm_sequence-10212.tif,12
YET629_02_w1L488nm-L561nm_sequence-10213.tif,11
YET629_02_w1L488nm-L561nm_sequence-10214.tif,11
YET629_02_w1L488nm-L561nm_sequence-10215.tif,11
YET629_02_w1L488nm-L561nm_sequence-10216.tif,11
YET629_02_w1L488nm-L561nm_sequence-10217.tif,11
YET629_02_w1L488nm-L561nm_sequence-10218.tif,11
YET629_02_w1L488nm-L561nm_sequence-10219.tif,12
YET629_02_w1L488nm-L561nm_sequence-10220.tif,11
YET629_02_w1L488nm-L561nm_sequence-10221.tif,12
YET629_02_w1L488nm-L561nm_sequence-10222.tif,11
YET629_02_w1L488nm-L561nm_sequence-10223.tif,12
YET629_02_w1L488nm-L561nm_sequence-10224.tif,13
YET629_02_w1L488nm-L561nm_sequence-10225.tif,12
YET629_02_w1L488nm-L561nm_sequence-10226.tif,12
YET629_02_w1L488nm-L561nm_sequence-10227.tif,11
YET629_02_w1L488nm-L561nm_sequence-10228.tif,13
YET629_02_w1L488nm-L561nm_sequence-10229.tif,12
YET629_02_w1L488nm-L561nm_sequence-10230.tif,12
YET629_02_w1L488nm-L561nm_sequence-10231.tif,12
YET629_02_w1L488nm-L561nm_sequence-10232.tif,12
YET629_02_w1L488nm-L561nm_sequence-10233.tif,12
YET629_02_w1L488nm-L561nm_sequence-10234.tif,12
YET629_02_w1L488nm-L561nm_sequence-10235.tif,12
YET629_02_w1L488nm-L561nm_sequence-10236.tif,12
YET629_02_w1L488nm-L561nm_sequence-10237.tif,11
YET629_02_w1L488nm-L561nm_sequence-10238.tif,12
YET629_02_w1L488nm-L561nm_sequence-10239.tif,10
YET629_02_w1L488nm-L561nm_sequence-10240.tif,12
YET629_02_w1L488nm-L561nm_sequence-10241.tif,12
YET629_02_w1L488nm-L561nm_sequence-10242.tif,12
YET629_02_w1L488nm-L561nm_sequence-10243.tif,12
YET629_02_w1L488nm-L561nm_sequence-10244.tif,11
YET629_02_w1L488nm-L561nm_sequence-10245.tif,12
YET629_02_w1L488nm-L561nm_sequence-10246.tif,12
YET629_02_w1L488nm-L561nm_sequence-10247.tif,12
YET629_02_w1L488nm-L561nm_sequence-10248.tif,12
YET629_02_w1L488nm-L561nm_sequence-10249.tif,11
YET629_02_w1L488nm-L561nm_sequence-10250.tif,11
YET629_02_w1L488nm-L561nm_sequence-10251.tif,12
YET629_02_w1L488nm-L561nm_sequence-10252.tif,12
YET629_02_w1L488nm-L561nm_sequence-10253.tif,11
YET629_02_w1L488nm-L561nm_sequence-10254.tif,11
YET629_02_w1L488nm-L561nm_sequence-10255.tif,12
YET629_02_w1L488nm-L561nm_sequence-10256.tif,10
YET629_02_w1L488nm-L561nm_sequence-10257.tif,12
YET629_02_w1L488nm-L561nm_sequence-10258.tif,12
YET629_02_w1L488nm-L561nm_sequence-10259.tif,12
YET629_02_w1L488nm-L561nm_sequence-10260.tif,12
YET629_02_w1L488nm-L561nm_sequence-10261.tif,11
YET629_02_w1L488nm-L561nm_sequence-10262.tif,12
YET629_02_w1L488nm-L561nm_sequence-10263.tif,12
YET629_02_w1L488nm-L561nm_sequence-10264.tif,11
YET629_02_w1L488nm-L561nm_sequence-10265.tif,12
YET629_02_w1L488nm-L561nm_sequence-10266.tif,12
YET629_02_w1L488nm-L561nm_sequence-10267.tif,12
YET629_02_w1L488nm-L561nm_sequence-10268.tif,11
YET629_02_w1L488nm-L561nm_sequence-10269.tif,12
YET629_02_w1L488nm-L561nm_sequence-10270.tif,11
YET629_02_w1L488nm-L561nm_sequence-10271.tif,10
YET629_02_w1L488nm-L561nm_sequence-10272.tif,12
YET629_02_w1L488nm-L561nm_sequence-10273.tif,12
YET629_02_w1L488nm-L561nm_sequence-10274.tif,11
YET629_02_w1L488nm-L561nm_sequence-10275.tif,12
YET629_02_w1L488nm-L561nm_sequence-10276.tif,12
YET629_02_w1L488nm-L561nm_sequence-10277.tif,11
YET629_02_w1L488nm-L561nm_sequence-10278.tif,12
YET629_02_w1L488nm-L561nm_sequence-10279.tif,12
YET629_02_w1L488nm-L561nm_sequence-10280.tif,11
YET629_02_w1L488nm-L561nm_sequence-10281.tif,12
YET629_02_w1L488nm-L561nm_sequence-10282.tif,12
YET629_02_w1L488nm-L561nm_sequence-10283.tif,12
YET629_02_w1L488nm-L561nm_sequence-10284.tif,12
YET629_02_w1L488nm-L561nm_sequence-10285.tif,12
YET629_02_w1L488nm-L561nm_sequence-10286.tif,10
YET629_02_w1L488nm-L561nm_sequence-10287.tif,12
YET629_02_w1L488nm-L561nm_sequence-10288.tif,12
YET629_02_w1L488nm-L561nm_sequence-10289.tif,11
YET629_02_w1L488nm-L561nm_sequence-10290.tif,12
YET629_02_w1L488nm-L561nm_sequence-10291.tif,12
YET629_02_w1L488nm-L561nm_sequence-10292.tif,12
YET629_02_w1L488nm-L561nm_sequence-10293.tif,10
YET629_02_w1L488nm-L561nm_sequence-10294.tif,12
YET629_02_w1L488nm-L561nm_sequence-10295.tif,10
YET629_02_w1L488nm-L561nm_sequence-10296.tif,11
YET629_02_w1L488nm-L561nm_sequence-10297.tif,11
YET629_02_w1L488nm-L561nm_sequence-10298.tif,12
YET629_02_w1L488nm-L561nm_sequence-10299.tif,11
YET629_02_w1L488nm-L561nm_sequence-10300.tif,12
YET629_02_w1L488nm-L561nm_sequence-10301.tif,11
YET629_02_w1L488nm-L561nm_sequence-10302.tif,12
YET629_02_w1L488nm-L561nm_sequence-10303.tif,11
YET629_02_w1L488nm-L561nm_sequence-10304.tif,10
YET629_02_w1L488nm-L561nm_sequence-10305.tif,12
YET629_02_w1L488nm-L561nm_sequence-10306.tif,10
YET629_02_w1L488nm-L561nm_sequence-10307.tif,12
YET629_02_w1L488nm-L561nm_sequence-10308.tif,11
YET629_02_w1L488nm-L561nm_sequence-10309.tif,12
YET629_02_w1L488nm-L561nm_sequence-10310.tif,11
YET629_02_w1L488nm-L561nm_sequence-10311.tif,12
YET629_02_w1L488nm-L561nm_sequence-10312.tif,10
YET629_02_w1L488nm-L561nm_sequence-10313.tif,10
YET629_02_w1L488nm-L561nm_sequence-10314.tif,12
YET629_02_w1L488nm-L561nm_sequence-10315.tif,12
YET629_02_w1L488nm-L561nm_sequence-10316.tif,10
YET629_02_w1L488nm-L561nm_sequence-10317.tif,11
YET629_02_w1L488nm-L561nm_sequence-10318.tif,12
YET629_02_w1L488nm-L561nm_sequence-10319.tif,12
YET629_02_w1L488nm-L561nm_sequence-10320.tif,12
YET629_02_w1L488nm-L561nm_sequence-10321.tif,12
YET629_02_w1L488nm-L561nm_sequence-10322.tif,11
YET629_02_w1L488nm-L561nm_sequence-10323.tif,12
YET629_02_w1L488nm-L561nm_sequence-10324.tif,12
YET629_02_w1L488nm-L561nm_sequence-10325.tif,10
YET629_02_w1L488nm-L561nm_sequence-10326.tif,12
YET629_02_w1L488nm-L561nm_sequence-10327.tif,12
YET629_02_w1L488nm-L561nm_sequence-10328.tif,11
YET629_02_w1L488nm-L561nm_sequence-10329.tif,10
YET629_02_w1L488nm-L561nm_sequence-10330.tif,10
YET629_02_w1L488nm-L561nm_sequence-10331.tif,10
YET629_02_w1L488nm-L561nm_sequence-10332.tif,12
YET629_02_w1L488nm-L561nm_sequence-10333.tif,11
YET629_02_w1L488nm-L561nm_sequence-10334.tif,10
YET629_02_w1L488nm-L561nm_sequence-10335.tif,12
YET629_02_w1L488nm-L561nm_sequence-10336.tif,11
YET629_02_w1L488nm-L561nm_sequence-10337.tif,10
YET629_02_w1L488nm-L561nm_sequence-10338.tif,11
YET629_02_w1L488nm-L561nm_sequence-10339.tif,11
YET629_02_w1L488nm-L561nm_sequence-10340.tif,12
YET629_02_w1L488nm-L561nm_sequence-10341.tif,11
YET629_02_w1L488nm-L561nm_sequence-10342.tif,11
YET629_02_w1L488nm-L561nm_sequence-10343.tif,11
YET629_02_w1L488nm-L561nm_sequence-10344.tif,12
YET629_02_w1L488nm-L561nm_sequence-10345.tif,11
YET629_02_w1L488nm-L561nm_sequence-10346.tif,11
YET629_02_w1L488nm-L561nm_sequence-10347.tif,11
YET629_02_w1L488nm-L561nm_sequence-10348.tif,11
YET629_02_w1L488nm-L561nm_sequence-10349.tif,10
YET629_02_w1L488nm-L561nm_sequence-10350.tif,11
YET629_02_w1L488nm-L561nm_sequence-10351.tif,11
YET629_02_w1L488nm-L561nm_sequence-10352.tif,11
YET629_02_w1L488nm-L561nm_sequence-10353.tif,11
YET629_02_w1L488nm-L561nm_sequence-10354.tif,11
YET629_02_w1L488nm-L561nm_sequence-10355.tif,9
YET629_02_w1L488nm-L561nm_sequence-10356.tif,11
YET629_02_w1L488nm-L561nm_sequence-10357.tif,10
YET629_02_w1L488nm-L561nm_sequence-10358.tif,11
YET629_02_w1L488nm-L561nm_sequence-10359.tif,11
YET629_02_w1L488nm-L561nm_sequence-10360.tif,12
YET629_02_w1L488nm-L561nm_sequence-10361.tif,10
YET629_02_w1L488nm-L561nm_sequence-10362.tif,11
YET629_02_w1L488nm-L561nm_sequence-10363.tif,11
YET629_02_w1L488nm-L561nm_sequence-10364.tif,11
YET629_02_w1L488nm-L561nm_sequence-10365.tif,10
YET629_02_w1L488nm-L561nm_sequence-10366.tif,10
YET629_02_w1L488nm-L561nm_sequence-10367.tif,11
YET629_02_w1L488nm-L561nm_sequence-10368.tif,10
YET629_02_w1L488nm-L561nm_sequence-10369.tif,12
YET629_02_w1L488nm-L561nm_sequence-10370.tif,10
YET629_02_w1L488nm-L561nm_sequence-10371.tif,12
YET629_02_w1L488nm-L561nm_sequence-10372.tif,11
YET629_02_w1L488nm-L561nm_sequence-10373.tif,12
YET629_02_w1L488nm-L561nm_sequence-10374.tif,11
YET629_02_w1L488nm-L561nm_sequence-10375.tif,11
YET629_02_w1L488nm-L561nm_sequence-10376.tif,10
YET629_02_w1L488nm-L561nm_sequence-10377.tif,11
YET629_02_w1L488nm-L561nm_sequence-10378.tif,12
YET629_02_w1L488nm-L561nm_sequence-10379.tif,10
YET629_02_w1L488nm-L561nm_sequence-10380.tif,11
YET629_02_w1L488nm-L561nm_sequence-10381.tif,11
YET629_02_w1L488nm-L561nm_sequence-10382.tif,11
YET629_02_w1L488nm-L561nm_sequence-10383.tif,11
YET629_02_w1L488nm-L561nm_sequence-10384.tif,11
YET629_02_w1L488nm-L561nm_sequence-10385.tif,11
YET629_02_w1L488nm-L561nm_sequence-10386.tif,10
YET629_02_w1L488nm-L561nm_sequence-10387.tif,11
YET629_02_w1L488nm-L561nm_sequence-10388.tif,10
YET629_02_w1L488nm-L561nm_sequence-10389.tif,12
YET629_02_w1L488nm-L561nm_sequence-10390.tif,11
YET629_02_w1L488nm-L561nm_sequence-10391.tif,11
YET629_02_w1L488nm-L561nm_sequence-10392.tif,9
YET629_02_w1L488nm-L561nm_sequence-10393.tif,11
YET629_02_w1L488nm-L561nm_sequence-10394.tif,11
YET629_02_w1L488nm-L561nm_sequence-10395.tif,11
YET629_02_w1L488nm-L561nm_sequence-10396.tif,10
YET629_02_w1L488nm-L561nm_sequence-10397.tif,11
YET629_02_w1L488nm-L561nm_sequence-10398.tif,11
YET629_02_w1L488nm-L561nm_sequence-10399.tif,11
YET629_02_w1L488nm-L561nm_sequence-10400.tif,11
YET629_02_w1L488nm-L561nm_sequence-10401.tif,12
YET629_02_w1L488nm-L561nm_sequence-10402.tif,10
YET629_02_w1L488nm-L561nm_sequence-10403.tif,9
YET629_02_w1L488nm-L561nm_sequence-10404.tif,11
YET629_02_w1L488nm-L561nm_sequence-10405.tif,10
YET629_02_w1L488nm-L561nm_sequence-10406.tif,12
YET629_02_w1L488nm-L561nm_sequence-10407.tif,10
YET629_02_w1L488nm-L561nm_sequence-10408.tif,11
YET629_02_w1L488nm-L561nm_sequence-10409.tif,12
YET629_02_w1L488nm-L561nm_sequence-10410.tif,10
YET629_02_w1L488nm-L561nm_sequence-10411.tif,11
YET629_02_w1L488nm-L561nm_sequence-10412.tif,11
YET629_02_w1L488nm-L561nm_sequence-10413.tif,10
YET629_02_w1L488nm-L561nm_sequence-10414.tif,11
YET629_02_w1L488nm-L561nm_sequence-10415.tif,11
YET629_02_w1L488nm-L561nm_sequence-10416.tif,12
YET629_02_w1L488nm-L561nm_sequence-10417.tif,9
YET629_02_w1L488nm-L561nm_sequence-10418.tif,9
YET629_02_w1L488nm-L561nm_sequence-10419.tif,11
YET629_02_w1L488nm-L561nm_sequence-10420.tif,12
YET629_02_w1L488nm-L561nm_sequence-10421.tif,11
YET629_02_w1L488nm-L561nm_sequence-10422.tif,11
YET629_02_w1L488nm-L561nm_sequence-10423.tif,11
YET629_02_w1L488nm-L561nm_sequence-10424.tif,11
YET629_02_w1L488nm-L561nm_sequence-10425.tif,12
YET629_02_w1L488nm-L561nm_sequence-10426.tif,11
YET629_02_w1L488nm-L561nm_sequence-10427.tif,11
YET629_02_w1L488nm-L561nm_sequence-10428.tif,9
YET629_02_w1L488nm-L561nm_sequence-10429.tif,9
YET629_02_w1L488nm-L561nm_sequence-10430.tif,11
YET629_02_w1L488nm-L561nm_sequence-10431.tif,11
YET629_02_w1L488nm-L561nm_sequence-10432.tif,11
YET629_02_w1L488nm-L561nm_sequence-10433.tif,9
YET629_02_w1L488nm-L561nm_sequence-10434.tif,11
YET629_02_w1L488nm-L561nm_sequence-10435.tif,11
YET629_02_w1L488nm-L561nm_sequence-10436.tif,11
YET629_02_w1L488nm-L561nm_sequence-10437.tif,12
YET629_02_w1L488nm-L561nm_sequence-10438.tif,11
YET629_02_w1L488nm-L561nm_sequence-10439.tif,12
YET629_02_w1L488nm-L561nm_sequence-10440.tif,12
YET629_02_w1L488nm-L561nm_sequence-10441.tif,10
YET629_02_w1L488nm-L561nm_sequence-10442.tif,11
YET629_02_w1L488nm-L561nm_sequence-10443.tif,11
YET629_02_w1L488nm-L561nm_sequence-10444.tif,10
YET629_02_w1L488nm-L561nm_sequence-10445.tif,10
YET629_02_w1L488nm-L561nm_sequence-10446.tif,10
YET629_02_w1L488nm-L561nm_sequence-10447.tif,11
YET629_02_w1L488nm-L561nm_sequence-10448.tif,11
YET629_02_w1L488nm-L561nm_sequence-10449.tif,11
YET629_02_w1L488nm-L561nm_sequence-10450.tif,12
YET629_02_w1L488nm-L561nm_sequence-10451.tif,10
YET629_02_w1L488nm-L561nm_sequence-10452.tif,11
YET629_02_w1L488nm-L561nm_sequence-10453.tif,11
YET629_02_w1L488nm-L561nm_sequence-10454.tif,11
YET629_02_w1L488nm-L561nm_sequence-10455.tif,11
YET629_02_w1L488nm-L561nm_sequence-10456.tif,12
YET629_02_w1L488nm-L561nm_sequence-10457.tif,12
YET629_02_w1L488nm-L561nm_sequence-10458.tif,11
YET629_02_w1L488nm-L561nm_sequence-10459.tif,12
YET629_02_w1L488nm-L561nm_sequence-10460.tif,12
YET629_02_w1L488nm-L561nm_sequence-10461.tif,12
YET629_02_w1L488nm-L561nm_sequence-10462.tif,11
YET629_02_w1L488nm-L561nm_sequence-10463.tif,11
YET629_02_w1L488nm-L561nm_sequence-10464.tif,12
YET629_02_w1L488nm-L561nm_sequence-10465.tif,10
YET629_02_w1L488nm-L561nm_sequence-10466.tif,12
YET629_02_w1L488nm-L561nm_sequence-10467.tif,11
YET629_02_w1L488nm-L561nm_sequence-10468.tif,12
YET629_02_w1L488nm-L561nm_sequence-10469.tif,12
YET629_02_w1L488nm-L561nm_sequence-10470.tif,12
YET629_02_w1L488nm-L561nm_sequence-10471.tif,12
YET629_02_w1L488nm-L561nm_sequence-10472.tif,12
YET629_02_w1L488nm-L561nm_sequence-10473.tif,10
YET629_02_w1L488nm-L561nm_sequence-10474.tif,10
YET629_02_w1L488nm-L561nm_sequence-10475.tif,11
YET629_02_w1L488nm-L561nm_sequence-10476.tif,12
YET629_02_w1L488nm-L561nm_sequence-10477.tif,11
YET629_02_w1L488nm-L561nm_sequence-10478.tif,11
YET629_02_w1L488nm-L561nm_sequence-10479.tif,11
YET629_02_w1L488nm-L561nm_sequence-10480.tif,11
YET629_02_w1L488nm-L561nm_sequence-10481.tif,11
YET629_02_w1L488nm-L561nm_sequence-10482.tif,11
YET629_02_w1L488nm-L561nm_sequence-10483.tif,11
YET629_02_w1L488nm-L561nm_sequence-10484.tif,11
YET629_02_w1L488nm-L561nm_sequence-10485.tif,10
YET629_02_w1L488nm-L561nm_sequence-10486.tif,11
YET629_02_w1L488nm-L561nm_sequence-10487.tif,10
YET629_02_w1L488nm-L561nm_sequence-10488.tif,10
YET629_02_w1L488nm-L561nm_sequence-10489.tif,10
YET629_02_w1L488nm-L561nm_sequence-10490.tif,11
YET629_02_w1L488nm-L561nm_sequence-10491.tif,12
YET629_02_w1L488nm-L561nm_sequence-10492.tif,12
YET629_02_w1L488nm-L561nm_sequence-10493.tif,10
YET629_02_w1L488nm-L561nm_sequence-10494.tif,9
YET629_02_w1L488nm-L561nm_sequence-10495.tif,10
YET629_02_w1L488nm-L561nm_sequence-10496.tif,10
YET629_02_w1L488nm-L561nm_sequence-10497.tif,11
YET629_02_w1L488nm-L561nm_sequence-10498.tif,11
YET629_02_w1L488nm-L561nm_sequence-10499.tif,11
YET629_02_w1L488nm-L561nm_sequence-10500.tif,9
YET629_02_w1L488nm-L561nm_sequence-10501.tif,10
YET629_02_w1L488nm-L561nm_sequence-10502.tif,11
YET629_02_w1L488nm-L561nm_sequence-10503.tif,12
YET629_02_w1L488nm-L561nm_sequence-10504.tif,9
YET629_02_w1L488nm-L561nm_sequence-10505.tif,11
YET629_02_w1L488nm-L561nm_sequence-10506.tif,11
YET629_02_w1L488nm-L561nm_sequence-10507.tif,12
YET629_02_w1L488nm-L561nm_sequence-10508.tif,11
YET629_02_w1L488nm-L561nm_sequence-10509.tif,11
YET629_02_w1L488nm-L561nm_sequence-10510.tif,11
YET629_02_w1L488nm-L561nm_sequence-10511.tif,9
YET629_02_w1L488nm-L561nm_sequence-10512.tif,11
YET629_02_w1L488nm-L561nm_sequence-10513.tif,11
YET629_02_w1L488nm-L561nm_sequence-10514.tif,11
YET629_02_w1L488nm-L561nm_sequence-10515.tif,11
YET629_02_w1L488nm-L561nm_sequence-10516.tif,11
YET629_02_w1L488nm-L561nm_sequence-10517.tif,10
YET629_02_w1L488nm-L561nm_sequence-10518.tif,11
YET629_02_w1L488nm-L561nm_sequence-10519.tif,11
YET629_02_w1L488nm-L561nm_sequence-10520.tif,10
YET629_02_w1L488nm-L561nm_sequence-10521.tif,11
YET629_02_w1L488nm-L561nm_sequence-10522.tif,11
YET629_02_w1L488nm-L561nm_sequence-10523.tif,11
YET629_02_w1L488nm-L561nm_sequence-10524.tif,10
YET629_02_w1L488nm-L561nm_sequence-10525.tif,11
YET629_02_w1L488nm-L561nm_sequence-10526.tif,10
YET629_02_w1L488nm-L561nm_sequence-10527.tif,10
YET629_02_w1L488nm-L561nm_sequence-10528.tif,10
YET629_02_w1L488nm-L561nm_sequence-10529.tif,12
YET629_02_w1L488nm-L561nm_sequence-10530.tif,11
YET629_02_w1L488nm-L561nm_sequence-10531.tif,11
YET629_02_w1L488nm-L561nm_sequence-10532.tif,9
YET629_02_w1L488nm-L561nm_sequence-10533.tif,10
YET629_02_w1L488nm-L561nm_sequence-10534.tif,10
YET629_02_w1L488nm-L561nm_sequence-10535.tif,10
YET629_02_w1L488nm-L561nm_sequence-10536.tif,9
YET629_02_w1L488nm-L561nm_sequence-10537.tif,10
YET629_02_w1L488nm-L561nm_sequence-10538.tif,10
YET629_02_w1L488nm-L561nm_sequence-10539.tif,11
YET629_02_w1L488nm-L561nm_sequence-10540.tif,11
YET629_02_w1L488nm-L561nm_sequence-10541.tif,12
YET629_02_w1L488nm-L561nm_sequence-10542.tif,11
YET629_02_w1L488nm-L561nm_sequence-10543.tif,10
YET629_02_w1L488nm-L561nm_sequence-10544.tif,10
YET629_02_w1L488nm-L561nm_sequence-10545.tif,9
YET629_02_w1L488nm-L561nm_sequence-10546.tif,10
YET629_02_w1L488nm-L561nm_sequence-10547.tif,10
YET629_02_w1L488nm-L561nm_sequence-10548.tif,9
YET629_02_w1L488nm-L561nm_sequence-10549.tif,10
YET629_02_w1L488nm-L561nm_sequence-10550.tif,10
YET629_02_w1L488nm-L561nm_sequence-10551.tif,10
YET629_02_w1L488nm-L561nm_sequence-10552.tif,10
YET629_02_w1L488nm-L561nm_sequence-10553.tif,10
YET629_02_w1L488nm-L561nm_sequence-10554.tif,10
YET629_02_w1L488nm-L561nm_sequence-10555.tif,10
YET629_02_w1L488nm-L561nm_sequence-10556.tif,10
YET629_02_w1L488nm-L561nm_sequence-10557.tif,10
YET629_02_w1L488nm-L561nm_sequence-10558.tif,10
YET629_02_w1L488nm-L561nm_sequence-10559.tif,10
YET629_02_w1L488nm-L561nm_sequence-10560.tif,10
YET629_02_w1L488nm-L561nm_sequence-10561.tif,10
YET629_02_w1L488nm-L561nm_sequence-10562.tif,9
YET629_02_w1L488nm-L561nm_sequence-10563.tif,11
YET629_02_w1L488nm-L561nm_sequence-10564.tif,10
YET629_02_w1L488nm-L561nm_sequence-10565.tif,11
YET629_02_w1L488nm-L561nm_sequence-10566.tif,10
YET629_02_w1L488nm-L561nm_sequence-10567.tif,11
YET629_02_w1L488nm-L561nm_sequence-10568.tif,11
YET629_02_w1L488nm-L561nm_sequence-10569.tif,10
YET629_02_w1L488nm-L561nm_sequence-10570.tif,10
YET629_02_w1L488nm-L561nm_sequence-10571.tif,10
YET629_02_w1L488nm-L561nm_sequence-10572.tif,10
YET629_02_w1L488nm-L561nm_sequence-10573.tif,10
YET629_02_w1L488nm-L561nm_sequence-10574.tif,9
YET629_02_w1L488nm-L561nm_sequence-10575.tif,11
YET629_02_w1L488nm-L561nm_sequence-10576.tif,9
YET629_02_w1L488nm-L561nm_sequence-10577.tif,10
YET629_02_w1L488nm-L561nm_sequence-10578.tif,11
YET629_02_w1L488nm-L561nm_sequence-10579.tif,10
YET629_02_w1L488nm-L561nm_sequence-10580.tif,10
YET629_02_w1L488nm-L561nm_sequence-10581.tif,10
YET629_02_w1L488nm-L561nm_sequence-10582.tif,9
YET629_02_w1L488nm-L561nm_sequence-10583.tif,10
YET629_02_w1L488nm-L561nm_sequence-10584.tif,10
YET629_02_w1L488nm-L561nm_sequence-10585.tif,10
YET629_02_w1L488nm-L561nm_sequence-10586.tif,10
YET629_02_w1L488nm-L561nm_sequence-10587.tif,10
YET629_02_w1L488nm-L561nm_sequence-10588.tif,10
YET629_02_w1L488nm-L561nm_sequence-10589.tif,10
YET629_02_w1L488nm-L561nm_sequence-10590.tif,10
YET629_02_w1L488nm-L561nm_sequence-10591.tif,10
YET629_02_w1L488nm-L561nm_sequence-10592.tif,9
YET629_02_w1L488nm-L561nm_sequence-10593.tif,9
YET629_02_w1L488nm-L561nm_sequence-10594.tif,9
YET629_02_w1L488nm-L561nm_sequence-10595.tif,9
YET629_02_w1L488nm-L561nm_sequence-10596.tif,10
YET629_02_w1L488nm-L561nm_sequence-10597.tif,11
YET629_02_w1L488nm-L561nm_sequence-10598.tif,11
YET629_02_w1L488nm-L561nm_sequence-10599.tif,10
